x1,x2,x3,y1,y2,y3
0.10558365714620536,0.09271153291780168,0.5363777430540835,0.37300068650343066,-1.2946219100140632,-0.3085404143239755
0.577222571633919,0.24905226881493114,0.7773108187593775,0.6358666926595636,-1.0856285238067325,-1.6768969197037507
0.11522080495666716,0.3144962123385602,0.7553104905096245,0.32069513222202356,-0.6686710649233175,-0.8295036409665898
0.3363990192263031,0.25453456051002,0.8988513955376323,1.2564181313650309,-1.429114998091662,-1.7438195413067996
0.5286104712597653,0.8024379708713495,0.5403000601610973,0.4276210236634447,0.055403509031062795,-1.946761414986132
0.09489049352805151,0.34353395795675806,0.30837290515666615,0.11858605777991654,0.4677912343348434,-1.2513506077524996
0.3299298089620018,0.07937667172093477,0.747937978256718,0.3417457580047345,-1.6767521581438418,-1.3292673893485862
0.8742959827218902,0.42182864305585127,0.6720372358845559,1.1773969556933166,0.01616015506724916,-1.6372436735574345
0.424065030584827,0.3095190420359069,0.8057830442389192,1.1680715487325972,-0.6613054257409317,-2.048232169521382
0.7987352637499574,0.5598600458528522,0.6346827390700724,1.7340151050203612,0.32528586517228003,-1.4893537999906896
0.5501596634340497,0.34716086529636053,0.21372476063812626,0.8609987299875843,-0.6642146046311084,-0.6068841970125003
0.5392762243285815,0.5412309246113439,0.4197823271509456,0.6159629574457028,-0.3037241568693911,-1.2959374383169555
0.11984111854685241,0.7976855929159863,0.35620890458623805,0.7369763060421564,-0.16954530603864648,-2.036589155881613
0.3660619379799737,0.5604603275340633,0.1986977397999191,-0.1633699197302455,0.5225823391616636,-0.8752612915792942
0.873795993744032,0.8973837223284008,0.6809527299620003,1.2518341131087185,0.5822292590373395,-2.358174463684487
0.9158452494695516,0.137817135809809,0.36575425034686965,0.49103696506793904,-0.07727644712812903,-2.050536462185516
0.1376606782566816,0.12982372770017478,0.8107673068843306,-0.04311190163740519,-1.8079484264479542,-0.789508056534013
0.30248445463517987,0.11104009506545802,0.23665401861988603,0.5111473020744629,-0.19852004017839597,-1.2373948232560552
0.8917551370689936,0.41697621393983836,0.3077891021457454,2.0880478051538347,1.2917085516956035,-1.618266607272738
0.9092777895109613,0.41493970335812236,0.4572941261539,0.6707887900741216,-0.29101352742975173,-1.0193769719621184
0.3370520556367312,0.45195902256348924,0.44936644375863066,1.1769606663970622,-0.21757174819088365,-1.3598161778604834
0.24793453506034463,0.7627418645336209,0.22960734489499407,-0.3225058843219395,0.36925443585247203,-1.280285183156148
0.9078098906883668,0.9170120713385869,0.21574767853420493,0.0445293497595024,1.1113920447362617,-3.031557176417933
0.07985424441813022,0.8827922867570749,0.554459246342789,0.5667032690509946,0.06217001855733212,-1.4312178351223328
0.2100531157626654,0.6415744754499729,0.908996304863446,1.1185445759327801,-1.1533674187053733,-1.0227599344493443
0.31785064388376094,0.466396244389781,0.12179455497665567,0.8306924163401106,-0.4526688122267659,-2.346847503825601
0.5278866856520322,0.5604799174621362,0.7757847772034959,0.9506961788467114,-0.8827743220200033,-2.1832468631960533
0.24893651766820363,0.8879795581691181,0.2283490921113127,0.04306547586803178,1.042088975694908,-1.8792450836682946
0.661650646508203,0.5510565994842863,0.11497368068519016,1.2057762225361377,0.21449825414910384,-1.8525811116149804
0.36377466393335117,0.08474787866634875,0.8858134102674468,0.6765294008515003,-1.9684135528044586,-1.1434484714149276
0.09123208593519125,0.5690782095500659,0.24993434262481956,0.6588861621474409,0.22289753333225676,-0.7194184792704477
0.7470965344969961,0.18904984307657194,0.7884088411566107,1.6154011999257165,-1.0384347934789375,-2.2436919408097746
0.24543229556066573,0.527267972614374,0.531789527677299,0.728772723003043,-0.4627820271286763,-1.037612530246517
0.6883607084653635,0.7598480393470962,0.4425206704278225,-0.01311664378952715,0.011846832111672034,-2.047748602129331
0.7598879969943173,0.33826057904791873,0.6958630332149105,1.5227685621052611,-0.49307570259545386,-0.8443910062556693
0.3599229837260284,0.45772587069218135,0.7923925708040631,1.1505650494526318,-0.5926339833585392,-1.3128265119123006
0.25051823690969155,0.24794854168366692,0.5643328889042496,0.8675990011854137,-1.056087427810664,-0.9749923411235638
0.5623560620098682,0.24892972139462713,0.5315216322296596,0.7002516097233117,-0.22556994709962463,-1.2669627299227801
0.9122779920140756,0.12229928325766043,0.438242194840174,1.1973796120930607,-0.7929488344350879,-1.8322116160214335
0.5514548112077475,0.42591752507352687,0.5429970411669185,0.8590908484747722,-0.022576226186446613,-1.8293257670726428
0.6730006229994331,0.9135201799714621,0.6929884598046357,0.48248602606704816,0.03069331641491435,-3.116450396243282
0.4135698912386299,0.5399614080774666,0.8080566985897479,1.334099577313353,-0.3944503740852712,-1.7945299883543995
0.8630497328621287,0.6811984410161939,0.556893839676147,1.2213044440326781,0.5369937562641522,-1.9756545265362417
0.9138764029710938,0.21029122357998378,0.32646547056732456,0.8842534764197956,0.13076057852556,-1.40724291871856
0.3230869473354881,0.7611498878440884,0.32163017966684027,-0.6409125330119574,-0.3396524304759051,-1.6714098260711039
0.55819439986895,0.47584812948081817,0.41779521865771924,0.15017866734871177,-0.2559887491829048,-1.322654979368522
0.43114563527605504,0.4489454041385571,0.9137230522783681,0.7248474289959773,-1.1082922228181773,-1.433090137633593
0.8715327101856288,0.6939401591351618,0.7759928311889097,1.339039955486567,-0.325314875967889,-2.658300527400077
0.8772457662159384,0.09294677971880824,0.24389606266830058,0.9100411256243179,-0.521865043112132,-1.1742968936631453
0.3221847962924057,0.24743810933691218,0.13797173147509434,0.8755408065444857,-0.9492962334254897,-0.8795568923947509
0.5323052772089656,0.4544209067453872,0.9019146438436317,0.9414536834605568,-0.5257929227516625,-1.4532301458157828
0.6563737581435385,0.23485192086041276,0.2510808824178054,0.9496286065328383,-0.5008345286733353,-0.8579969579521021
0.5581490939559698,0.10898068487845465,0.30802502709533414,0.20260467947042493,-1.5743447901939709,-0.9493143694823162
0.42017686913932745,0.5426140969178882,0.23888871086368255,-0.10892005257756449,0.32824827025028824,-1.2408710984503473
0.19472736756848,0.44898805562093136,0.3092857488221534,0.06876072380149778,0.1964871968795534,-1.4756207145717415
0.13896536643794927,0.7965183001485877,0.8629443564006067,0.27474468802817664,-0.2661268582138102,-1.8816680321372847
0.5725023085280269,0.08084399557476343,0.8006901799647704,0.946473764214958,-0.9839135726750119,-1.0000636759335957
0.8096318546843946,0.23982254953893864,0.5671037838729402,1.474577153786365,-0.8622406045228046,-1.9641863145789862
0.23617946280333688,0.9183323839952401,0.35904980909672873,-0.13819238153446314,0.3380850178997852,-1.869843976654409
0.5446352525847855,0.5714376153046743,0.32837505133335654,0.24541414432831227,-0.014080654504016618,-2.0172497425478864
0.9143939772628081,0.22069350181963077,0.08767912128517784,1.291064716934775,0.028190274111159437,-1.2705374386894501
0.4637107784936297,0.5352649082893198,0.6895832461004814,1.2079419164124996,-0.45535882372457936,-1.372031593052373
0.42118981768070846,0.3032959789821838,0.24167084457841453,-0.045910931877174654,0.16305912751609475,-0.8691327324088826
0.8776261048088647,0.4282511989121965,0.9120332834440446,1.8416062927048447,-0.23911148132633486,-1.8202931013795491
0.23289396787331232,0.4367454646635295,0.12645418577686512,0.4264213569370481,-0.991175851517719,-1.0062666764459944
0.8877614529157092,0.2337431880167519,0.4586604843913888,2.0987197114264617,-0.4277330564321553,-1.4160894834180064
0.2348157974091704,0.254330000575991,0.14386049776643317,-0.327422427932385,-0.06689699353461726,-1.4912029074872604
0.4591518992662686,0.3076925221852048,0.45447568563045876,0.41103886168902404,-0.08962831047469844,-0.8011443155318504
0.8614410726775488,0.348474542646271,0.35609271901361617,1.8557694126668056,0.3423330409046007,-1.6677141009181637
0.2513568267973793,0.8598857232208652,0.7879876634442398,0.24400581295008023,-0.940627128776703,-1.575695597565958
0.7539581634332468,0.5249962590601203,0.41711210578587643,1.1221698467467225,0.3059512839200001,-1.4398384598555771
0.5820838242289385,0.31282729493938316,0.917507238214337,0.8156473507857631,-1.1569811437411728,-1.3345711093285142
0.19605919805550298,0.6579641825379859,0.1190667265069975,0.5046659249825648,0.051069935348109205,-1.9831350307061457
0.8843897991138078,0.33825439934827506,0.4741329482736156,1.8309974680927281,-0.14012153661984428,-1.6707905349681447
0.2001142960370328,0.21991222810271857,0.3641029941576464,0.23196241894535916,-0.2681055623465943,-1.0165886727676199
0.4566871162232644,0.6831009048954119,0.7787269702652656,0.8713854231352454,-0.13430432437876444,-2.7956076362489757
0.19306729496108951,0.30162724055549817,0.5406622529750312,0.36541857981390513,-1.0593754106449036,-1.1788213094159943
0.5759391302588529,0.9138961803308839,0.9069045793769501,0.9030501021512279,0.32830563437249166,-3.0600937149888714
0.32162119076600687,0.22396774326531851,0.7686233016808933,0.3301289896530102,-0.9680835926452277,-0.9171819315670788
0.6572707192263396,0.8081094188219442,0.5473271656332197,0.10909634988969841,0.28569460431123783,-2.553046191392919
0.6985572307006142,0.9198523917825124,0.7866134536326981,1.3049258116837144,0.871411861491715,-2.544541582840729
0.47001666187148394,0.8949255921361287,0.10783273485111293,0.4073216897605457,1.0694866701413877,-2.170684761701833
0.2018016575793313,0.5802090047316163,0.6994588197900788,0.20163535322671067,-0.24472940417924471,-1.3213428881029687
0.7984808314662497,0.9086317161857321,0.12310561200061439,1.2406253504811147,0.9887351327258567,-2.8795637323805723
0.6468546419392247,0.8697781460745282,0.1946033866490013,0.02062702095435215,0.18759063824308775,-1.624442398533506
0.44716552443542845,0.08866851142369749,0.11249795948398246,-0.49259072532789744,-0.8724797524005113,-1.0535438023732258
0.7997933249659448,0.882951913814943,0.3494816892187719,0.6964077864302565,1.1228411377460619,-3.1189727133235747
0.4401933947695829,0.5728279900131903,0.5703868051890627,1.0134792627697782,-0.7221190679160643,-1.602561809540977
0.5574850539335526,0.4261468190700849,0.6703083554631261,1.2376398786533278,-0.528381087126125,-2.518151521941397
0.88253826024934,0.19301586103096338,0.25341249496000806,0.9511388791127795,0.02175749540911498,-1.4486076510296364
0.3170191008660308,0.34209335870370616,0.806756739969339,1.1415526319477405,-1.3442107989031873,-1.3229106451559767
0.8984986779953098,0.5654025011016397,0.08415342544944439,1.262082091265342,0.590130234745985,-2.4469684947082717
0.8759077038540557,0.21485408287954894,0.5467462717520731,2.6999077361563253,-0.3503221932939409,-1.1739203578598285
0.41480995994438535,0.8751666386126751,0.3124621899438247,-0.3328003874248145,0.3485549436196328,-1.400870773873672
0.7938143624812677,0.2333246620007583,0.8752960240004197,1.6915181510140531,-1.6589682701091666,-1.7558561761345444
0.7898295951457399,0.12520896165173512,0.6911943486977473,1.1817074405084267,-1.1870635084125074,-0.9634786573620681
0.3141879656740831,0.7820120676297151,0.10206464267492141,1.1801203797730366,-0.08561894649713253,-1.3250702172620532
0.3649447966026394,0.7566715915672133,0.20522352627383486,-0.39734526225620626,-0.06883381120072585,-1.715133074091308
0.440491731359256,0.7527667632973837,0.20298928862116294,-0.2370334271126549,0.2886091640014452,-1.9547635751132848
0.6521295249630334,0.24971856199295558,0.7620570418624608,1.624453067513406,-1.3892620504449529,-1.596047959929157
0.5739228759085426,0.7753854694890794,0.6599904398225052,0.9624134493439662,-0.3658142551236032,-1.2509716163518245
0.13023216943359114,0.7948368212653777,0.7688416516785147,0.8147931153888401,-0.7752524276655836,-1.4410648960060206
0.6960410622490455,0.42690491668598923,0.12866244342895053,0.3168106685506841,0.5862775319900864,-1.4815068447457989
0.6617940360690079,0.41561444423729177,0.4773565202717342,0.6510339348461777,-0.9594650946173487,-0.7640278397557838
0.5624352938625432,0.7995214035854779,0.09983923627752163,0.02873463166819548,0.11562276432554452,-2.612377543734347
0.8750025712048524,0.31912952298181396,0.6640442958286125,1.468088273649651,-0.6525180133627995,-1.7846873152904563
0.42498945626371115,0.7808504625293753,0.3480196519991508,-0.11280627882412197,0.4579531262235599,-1.8391056527755956
0.6805772632344635,0.34395096602932157,0.8942309185746834,0.969748467025034,-1.155040113833301,-1.0511453012893033
0.43674310777421743,0.7815712572305988,0.4543842817511306,0.49878076497772467,0.5776812521619423,-1.9596332462098927
0.33833214022497604,0.3200147345822424,0.6846835698727645,0.6087792280757954,-1.3509700796688018,-0.832262077311404
0.43543300335310275,0.6345650662834318,0.5458706958304292,0.11682169451331759,0.05653097928743589,-2.021504037889694
0.7900593847221881,0.6677013927466279,0.24970721614662084,0.8985052259117053,0.48084630298399134,-2.6296808989323557
0.11557232079849125,0.6966008042058894,0.1044575527674494,0.04968151125199917,-0.14148973101009213,-0.4448000850624224
0.33519330622798865,0.6739462816761758,0.30149024155190884,0.25010101911231697,0.18108760372430924,-0.7547097397432784
0.5418820857736549,0.6489026102075869,0.6777257252398127,1.2509039148994612,0.16392073186960593,-1.566282159032786
0.7670077625845401,0.6450326231910173,0.6689139181331692,0.6983798013351509,-0.16156722338797544,-2.0379037043168973
0.905478534096176,0.6669174661171885,0.21838878850702295,1.3192456971865913,0.824450315848116,-1.8677710097352676
0.32882771455549087,0.760178656536435,0.5672542128544598,1.050927015548021,-0.38031760126039343,-2.057474897221258
0.09307737360101614,0.5423439764900789,0.7474212566916827,0.7342398354609883,-1.352617802914994,-1.063693040047535
0.42218898527656523,0.45520775038708766,0.2260752647764409,0.5679791510185325,-0.30858837962410235,-1.7749603974601391
0.7740019919431442,0.6822523778175761,0.8643539522081201,1.8061248496164954,-0.6831866656458028,-1.962605321314456
0.36422597859185696,0.41723617239601324,0.6806044776688531,0.4315136421222619,-0.9723835701688447,-1.5269545629111934
0.8085277743239885,0.1282361597258934,0.35778744902216414,0.5209992129010729,-0.9276740910708798,-1.4126655454983639
0.3615921879980065,0.11797341503335118,0.1042995374907193,-0.0443916707456411,0.5384378306445918,-1.4451448404904585
0.10785165889027364,0.674739578815491,0.31138534565910286,-0.048552567053141565,0.14888382100615183,-0.23880942516824577
0.779513755397836,0.1061628665904903,0.7634602929501537,1.3887086068615189,-1.900567627803684,-0.9734057093696549
0.2492635131312619,0.42182038532122396,0.2546946758219568,-0.081265114183325,-0.08725500600604902,-0.6022385026068537
0.6742883231015913,0.12897638947549525,0.3583132116876329,0.5849355098567777,0.04096849405569625,-1.4137754985738469
0.0988009875092628,0.24274968955085072,0.8054348358962687,0.9090671270093463,-1.6375810525921413,-1.3774241717222973
0.6927183490795219,0.5743445396007505,0.6447296795970416,1.0417752891959284,-0.4307876072603888,-2.34215756171134
0.34359445890639767,0.14223491075519953,0.3623479703489487,1.1610420944961581,-0.8633829450181154,-0.6476431049836697
0.4224724335025908,0.3543338921616412,0.6365100749674271,0.32124964957968033,-0.3893487070931878,-1.2088691723723834
0.8794200053879278,0.13362409381696325,0.8109558168323864,1.2849309231262456,-1.2438348845896738,-1.162173527349819
0.42648039767873097,0.5704895180863989,0.10722717702553233,0.20922314946950393,0.2313368879770331,-1.5925357656881456
0.531171244653906,0.5833158473733734,0.5596778842108959,1.0109436470660653,-0.5467679556380688,-2.1707146596403075
0.10560192294187767,0.5383815269518446,0.45961023278788216,-0.3637346125644104,-0.3917342781210797,-1.1553053270414133
0.7693085625600633,0.4604419409236644,0.3493263779611473,1.498765667039594,-0.08716997921929369,-1.5396230080145008
0.45967172368630055,0.4601548374447048,0.1411063684351113,0.01933391351500735,-0.5579730639149899,-0.7533784224798918
0.9087145987346892,0.31048213012067294,0.8720629502996768,1.7490678154627295,-1.1783435925282941,-2.3324195073840035
0.20681859628333513,0.7688308476303716,0.8944597139280187,0.752422443829275,-0.4945225683443647,-2.367732025056642
0.5606401176727189,0.5774284776253855,0.9012970149541512,0.588100157568507,-0.8658236340585431,-1.7857639658334938
0.6485612701676646,0.23888078632623408,0.6937867524845533,1.218102227653468,-0.9057538052417665,-1.7112064310737898
0.24470275525956314,0.5635938859682178,0.7677109899614111,0.1784196555516876,-0.2946702904059856,-1.0580925972292374
0.6886987331307701,0.20061521507598887,0.3568853684883136,0.7927265856852633,-0.5179135184483076,-1.5078973117813508
0.8627017470961083,0.46476721785013964,0.7827865971200414,0.6827481201974428,0.051616716982807065,-2.535491634282344
0.4378719338405089,0.7600937467772751,0.745463287415828,0.779785797524697,-0.5355737030315294,-2.459908417016021
0.3569306764655372,0.5848173680208018,0.6819755248433679,0.9053862140085548,-1.337338731047538,-1.6645587011404248
0.31692024196946067,0.5590345938837731,0.7621878089470375,0.19993779977967419,-0.4163690020007794,-1.425766962468958
0.7936689545307289,0.6578202031615631,0.10824188477379894,0.4526896152253351,0.9363652053626028,-1.8369964950132671
0.4307026111411463,0.6809026464091316,0.13418592623356065,0.7500140811041884,-0.13787839455649253,-1.150480624478467
0.7483683709565889,0.19431814328209884,0.21780941675499327,1.187854920801853,-0.918383924112905,-1.8269875306014378
0.20655828819407354,0.3287739663259058,0.10863805529360818,0.7953118765969441,0.05344930355065769,-0.6088068044600172
0.7987884906625372,0.5274407079150106,0.21033292052408234,1.3509900020694787,0.8062941162486841,-2.3513667538470133
0.19775152572766333,0.21735528788859082,0.23035676320765752,0.18722676085357298,-1.1367289165130536,-1.0584567525361261
0.077904603291785,0.08146800863336147,0.4761987505357301,-0.12341324590599134,-1.1231787739467118,-0.8794311028502959
0.09073823777800666,0.23251180213170428,0.91315885610405,1.7035454824473175,-1.9988269714675997,-0.9952394575050717
0.9063440694172608,0.7643960065637516,0.42803212011539216,2.0924791941188374,0.8795234741854413,-1.825987751710001
0.7918565547105035,0.11313604490863727,0.24200094652383097,0.9443651795580353,-0.32176618506970966,-0.8807114864241458
0.5774274712119405,0.34326681936783676,0.6761992301186138,0.8794318534811096,-0.7231207276955113,-0.41377299019416414
0.1120454796370049,0.3596051707670008,0.13722285267055193,0.05817416784653906,0.2052368835641708,-0.6385200175431394
0.09173965292164167,0.5306676405803925,0.5831081134690339,0.1757709971011498,-0.27162238540488043,-1.6120678060812668
0.31491340312293403,0.19264803821722953,0.3119929144556287,-0.24712243271112028,-0.8582757194790854,-1.460448129693674
0.30467101066186747,0.774047346461066,0.6794673825684563,0.4117098629744164,-0.47987557585284923,-1.8235827954714678
0.3528796033138582,0.2513190020826452,0.22290584861497262,1.02542915633358,-0.04211816252855627,-0.7239292284471774
0.4202137472106062,0.10177414711606841,0.2084885059009631,0.6882964181758953,0.31001374852539665,-0.45101568702070444
0.7975815126832958,0.34785573711432244,0.8797044488910088,1.361428872518571,-1.2349834776457282,-1.6711819283254052
0.6798810607591325,0.9181379909511566,0.359233485390009,0.04393442283899268,0.6948095390808767,-2.69539204610953
0.23941776547623494,0.5574499586611397,0.09368271678514159,0.3147384738162707,0.18565824806430714,-1.4194915105729637
0.872925502502585,0.8072098935071129,0.5644854944679084,0.9280968660023685,0.6345754766447625,-3.270340474161468
0.6673026117610622,0.11807876767515077,0.12554398380784007,0.06926492403988338,-0.5388855157254334,-1.4005361382129131
0.9098746430656095,0.09810193798964018,0.670618585865719,0.9913946388692685,-1.207814835648907,-1.3455593250098454
0.432542891930818,0.21887896824792402,0.441462743317998,0.8214171009393982,-0.941942890462182,-1.3258600458933127
0.6377182775726701,0.32795448284610806,0.6529188880579984,1.4496910428078955,-1.0722803128231835,-1.105620069130783
0.5648777662121469,0.1088556834520827,0.8813115755943692,1.0690277708750948,-1.7322610026536547,-1.3521386688332107
0.36604909032140476,0.3083487091955313,0.25194480210108094,-0.35956702077561364,0.19399082023518155,-0.6532575103279064
0.5356850048465853,0.785753058538828,0.871602817924177,2.1360065757873796,-0.7042986968169478,-2.08000409773199
0.6721015478369442,0.7534231392431858,0.7529919121167088,1.220346197005971,-0.46543241497846866,-2.047790186183909
0.11893440774920944,0.3002650327405293,0.9183298244423287,0.6085981487353566,-0.39905181912792675,-1.6169867564287794
0.5241886318029555,0.2541938892848525,0.6597300797981724,1.1815314941838944,-0.9514090689103186,-1.7029588805635578
0.6551389030965882,0.2333014959758531,0.08399837791048338,0.9674385541000139,0.5874940879954806,-1.204823313565217
0.1135162506438852,0.7752104093122713,0.0836400680159641,-0.1698502005607991,-0.8734034163731897,-1.3569362195935
0.35829494427312125,0.5548497655700886,0.3453751560084732,-0.09203892224795951,-0.5903569781710781,-1.303222340387912
0.57678742819624,0.32851156531763126,0.4197423692560051,0.6620770952725932,0.12949772535522242,-1.3656674998969909
0.4677066236806496,0.3356001691299282,0.3609573505163648,-0.20003322489954,-0.220527046908426,-1.5187000486051256
0.5671626096810986,0.6375186784843127,0.5442019085022786,0.40383797562484114,-0.44749592600802524,-2.0427326576624414
0.08590083478118658,0.6404375106901086,0.560036523522611,1.040108367842962,-0.699723146270578,-1.8515705764465915
0.7870316133463882,0.9124149525867351,0.7772304268163821,1.8586933384372553,0.883525773160221,-3.269074199566027
0.5829015727041718,0.4732754220905432,0.33897690281529413,0.15270133552758347,0.3258103463957659,-0.9029576490620278
0.3373817132760615,0.35428658120576045,0.8839493876323716,1.7201600462630897,-1.4218716178149093,-0.9417660710606723
0.6448221396410938,0.4142332162345978,0.8670689669247503,0.8100952985608392,-0.17643693345965072,-1.6704604790005066
0.09315593155813044,0.866946929912377,0.42805824705423384,-0.2631992673722354,-0.33697961544071736,-1.9524241834021738
0.524331628765928,0.3634574801423111,0.35214226371871027,0.8291914895014345,-0.2778563128479863,-0.8563394005075371
0.8638553770630829,0.08921486931171374,0.871018952463986,1.1218617645525237,-0.7663251107842282,-1.0040180035008226
0.773192423256212,0.4556272709035788,0.8921895215781196,0.9377373830536224,0.09933609271503885,-2.434251955050126
0.12612731410343234,0.12977158473667436,0.12833253772368272,0.3393543909305053,-0.9887533476994921,-1.1155156986584316
0.35901008955944147,0.5695382577673673,0.868174355305,1.364866879339059,-0.6244981559480718,-1.92355459631905
0.2264807230815612,0.44709925123170086,0.5272640917584286,0.39540830352335543,-0.012307043950438357,-1.4842968509055363
0.31514769718503993,0.6385895337950591,0.10233862123628336,0.0025751457471961947,-0.36782463589308584,-2.4229649854497537
0.6913955116501421,0.12104580293544423,0.46259990616694835,1.0440327230635427,-1.1028255789052488,-0.7806167245309952
0.8738094815351277,0.3323542764977557,0.7879427210116078,1.1868450646508801,-0.39264059405778073,-0.6966415968861457
0.6672231498364154,0.447685753323703,0.6635704001663936,1.6949214371666166,-0.8394422263469459,-1.9014591162418237
0.6627756586971606,0.10825166185894941,0.7843961856505972,1.1100158335058772,-1.7538658073814104,-1.5793610444367108
0.34779070799431033,0.5512350664584803,0.5769255049955313,0.6862078752869641,-0.4506768864975959,-1.053217244246559
0.08002346054928833,0.20117366176450532,0.22688364120329657,0.2027196713345209,-0.9560600457478163,-0.6989921462453605
0.8722951947792404,0.35951985105788864,0.20499220333973558,0.6614252643579361,-0.09355879178784343,-1.98162581745832
0.20474021543553328,0.6553777057428712,0.5570765478918429,0.48033779197246596,-0.32796063675837805,-1.3623891405500097
0.46128849585714415,0.421375873051384,0.4480206224387212,0.38325641853218984,-0.1548729335913982,-0.9157981741762949
0.7843885525676658,0.5298773074060005,0.5444757752015933,1.118072656167806,0.13781676376033905,-2.2080065727151763
0.9181745779436576,0.2055861546236438,0.7979707164690404,1.5699506588818126,-0.6658771019871981,-1.1396439905534836
0.7691600518932388,0.6352570324839792,0.5359419565543391,1.2981298972363777,-0.6343050288496493,-2.0280124443809115
0.8677764167460287,0.7879542321100531,0.6466321355454674,1.2786911641238934,0.34840289441691524,-2.594890958696185
0.8873418646918507,0.3361794108649062,0.13057559377250832,1.9074027003019483,-0.014244138771393466,-1.8978208451838647
0.10736244704801211,0.8705186709412629,0.6951458875179783,0.6184932202109166,-0.4152878283734484,-2.0485583826145577
0.35550851182249066,0.8640647686709333,0.5839786350538606,0.49015805852454497,-0.27258523436971516,-1.9237698825809024
0.8903877249644023,0.4386442216330911,0.577026600317115,1.6594740934819594,-0.4017124809233369,-1.850247058256892
0.20278404809002534,0.5635136058347455,0.4301676874072011,0.4734257230988216,-0.6713468913222338,-0.957349865019989
0.6473235648164625,0.41652783046390196,0.7989593115102943,1.4365077986428896,-0.8716114980920172,-1.246489208216945
0.3659696524900887,0.42838096959235383,0.8933700071531444,1.0459981403039704,-0.6486088711292306,-2.123290128331602
0.6433287927545541,0.2032766829208458,0.8877687931254725,1.469501567222144,-0.6008444276399514,-1.1849574416022224
0.8641498723256915,0.9187999470938353,0.5687135532434964,0.9797990651116548,1.4857645826040804,-3.759202839568377
0.42434601133820116,0.6730198740501167,0.4755534766671423,0.01691026709254906,0.8934668658206064,-2.0795774687993753
0.4202014439768385,0.44313370987291323,0.8064961279094953,1.1559961715690494,-0.274223689569957,-1.6350695361758696
0.7795430999931388,0.5783157612529479,0.8925681219682807,1.1531669525353705,-0.6872451729084281,-1.5729533851796877
0.2361540180541165,0.34342415890913575,0.6706877586222751,0.7642495352114291,-0.9527779534628398,-1.5624164179177558
0.08576249327241403,0.4313660515985239,0.897258811358081,0.9991570151371214,-0.8412022369989669,-0.8920205507203187
0.8089042936906613,0.788536887193747,0.19865868088923538,0.3975059400197581,0.870722901613861,-2.378648105144
0.5424579471132285,0.8919935933584964,0.21603167800865347,0.4552531021070956,0.7912007966883502,-2.379320005274833
0.9106258393799371,0.6465803767071869,0.47434499663555757,0.8945215141391127,0.5786849608490653,-2.5784913196643995
0.8783147295670971,0.6728098135475206,0.8850784984998706,1.6765749851644876,-0.042311071007620014,-2.805997258598046
0.69315235825772,0.47236853071579404,0.24025419937718412,0.10728935354795122,0.025783557934072374,-1.9988785903057484
0.43556116964577374,0.0832572713360724,0.7900598479791378,0.3225063934647471,-1.2272644665066283,-1.447248857072112
0.2218878909649624,0.31323515997563844,0.7989994573021405,0.5314470739094557,-1.2764312093430932,-1.1097560316448085
0.7631439039121536,0.6695874329784989,0.806225943306246,1.2169576871652272,-0.12373894972265723,-2.1434340779815613
0.6636033180408856,0.8760206414839533,0.09927109018900683,0.1759747465361795,0.8188185518140905,-2.7369472606883916
0.3182206797376592,0.863698651589583,0.42987278024529485,0.46456542647571164,0.18169582376599894,-2.346134855112436
0.10897272366366034,0.23973143997071547,0.10735195482707438,-0.09456853888473182,-0.4799907912603625,-0.8711688750384151
0.5628352130313459,0.23946280433881145,0.4165872822272987,0.7970503006056849,-0.25217375588112945,-0.5484023333447129
0.22246627747423853,0.09332011743392882,0.31288224061086223,0.825940893279321,-0.6961214125668391,-0.9994958277615917
0.12949507614014846,0.4582579912477691,0.11874868273448247,0.4460975986316482,0.45587780013081336,-1.4335871155686588
0.24396361551522774,0.42918820156524434,0.6933337632396892,0.7878332891575618,-0.9523242318539508,-1.7388492492395633
0.45405960159802916,0.3661201203223678,0.09445103795022879,0.026024507821865994,-0.45759247686514215,-1.3102382480247228
0.7589575214794124,0.7539948662097812,0.31241810013171684,0.9764561141611185,0.10686955741898085,-2.25906376095848
0.4118575647797896,0.8621277356186122,0.22273586852934474,0.2795832697283576,0.4913666567532812,-2.3224618049211334
0.23112060855725938,0.5488138394550363,0.22109782380832613,0.2958526610047766,0.14300590450221876,-1.9016916046335512
0.19712770317102474,0.10633040238325916,0.5765523490967235,0.6323410964489481,-1.444891802465134,-0.28747487595281657
0.19267332811098065,0.7651808992607817,0.5670147406337821,0.6638843630750367,0.18211694789771926,-1.78093248107079
0.09314031040847953,0.19096501765793084,0.5265481074483903,0.313951936650073,-1.1705164789839757,-1.537530781301046
0.20514873739530717,0.14260373362827244,0.4138695396584949,1.1901608864761577,0.018283580785227516,-0.8464507744791473
0.8988054881581553,0.47474065307488617,0.08404667951562836,1.7943257963196078,0.056332996029560434,-1.1909486673656864
0.21312105403883844,0.7503286968912865,0.6852436537903582,1.368844772563271,-0.6012736185397181,-2.263554614646512
0.45528586191560955,0.9000749152386072,0.41279105847734854,0.10753229764093736,0.061309230817714166,-1.790103084970061
0.7712780156291866,0.11858487168062473,0.5227935143427966,1.3805917479693801,-1.3167327998623763,-0.6697231067377452
0.7473897687161641,0.2125771960667273,0.308261791215109,0.9307872035926165,0.21397933526527624,-1.315438626500702
0.24038167011696332,0.44872596604589476,0.8631709588263322,0.4383741910085608,-1.300579595114402,-0.7406034989699681
0.3206409978599906,0.9054801807054276,0.32796676088451304,-0.512874832950279,-0.134878485547412,-2.6411165673323733
0.4645001725137659,0.10251995046491838,0.31563159630042303,0.6296831961488397,-1.057061140196557,-1.5076790323804783
0.31386780755254595,0.10773395186933979,0.6697335046062725,1.2958004662054827,-0.8606318209256305,-0.8966336268168076
0.3040181366409258,0.4233687585845751,0.5600067784043286,0.021113103028449376,-1.1818880202408353,-1.3232233490639818
0.8864950934055266,0.6872713407440416,0.6990543776357746,1.3876525269120308,0.21666406457487244,-2.695678583651543
0.3644808958524488,0.8824466407122933,0.8986132672623354,0.1630458294298367,-0.06756596681991739,-1.7781288970087614
0.4472517228282761,0.24964165100590335,0.3019155936569242,0.6745815434709603,-0.3236382370336836,-0.6437430116587275
0.9171799700692466,0.8663533750553427,0.4235826575009988,0.8175656722197284,1.4077911627393809,-2.516814312727803
0.5398176129644301,0.9045088865945305,0.3040999598618219,-0.032665877125152176,0.9557526538629808,-2.613879216773506
0.3401065302864584,0.6778320746012638,0.9220466789150631,0.808428779865059,-0.8071353979388006,-1.9538110281385337
0.19946744228985286,0.2229978257607624,0.7535942903567432,0.6560534195591976,-1.3001026603049382,-0.8073166069409783
0.6898455462421051,0.31112624919508114,0.5667459197041442,1.2542500962313485,-0.6562020212885802,-0.4155369653828753
0.5668469433985031,0.3476121418365774,0.5539949368732926,0.29948185864705057,-0.28071575958001505,-1.7833001010208902
0.7954214426538172,0.9070486270780651,0.9072258209005849,1.3474645473528963,1.1305733528530562,-3.2101437480940453
0.12410650136079444,0.557066253481486,0.1257603715880679,-0.38491447746840624,-1.093390677650542,-1.0665168808000465
0.7632050712594163,0.7936932066928164,0.8652478341024297,1.2191891690695502,-0.6476551528330702,-2.305294969245097
0.6454113786996121,0.6710674342882891,0.14089493958843832,0.3465305701384318,0.6327962831378053,-2.673844168804701
0.23253588944483927,0.3566189620615762,0.2285124559855331,-0.24245959440165532,-0.7839514251195719,-0.8337756743865999
0.1100031479419952,0.7932534694013127,0.5723691836713483,-0.08974450386341787,-0.6900840224968798,-2.020059424473312
0.09787885611050648,0.3509297413788875,0.5551632274697135,0.8888084719255298,-1.3729797042475935,-1.149009637709298
0.21965643650151773,0.5855339651768872,0.34357832317598935,-0.32574251961342904,0.8142109976148213,-1.8063906034287278
0.44695426730699217,0.20041130836148735,0.746072435995522,1.1891496602368008,-0.8389388074233132,-1.375323421517359
0.5821255332959413,0.19455661724965193,0.2428600848097284,-0.19434738061877777,-0.7284677278383567,-1.4598022172584604
0.31672385892684257,0.32996218536315164,0.4748375247280484,0.252505275386722,-0.014169294844070146,-1.396319432207368
0.3267695742268784,0.319552529938696,0.10058573933362083,0.5016928958460652,-0.10351910598200759,-0.6603739992539912
0.6493331683380942,0.537706347723748,0.222189441236682,0.32020180202984894,-0.6134622579551428,-2.0865395829462616
0.4605656963207553,0.2348095883959126,0.2446954387625181,1.0006245319712934,-0.28186483784247146,-0.5313150337670426
0.5776822812907179,0.6508338734653616,0.11921933048442435,0.5723578325498067,0.354935872231152,-1.5499259676237542
0.11514452464786738,0.45126327456795023,0.4261885257672885,-0.035073496087483,-0.9381365702854431,-1.5853446195896508
0.1973561542127773,0.11963291988923096,0.7823323947022089,0.7336520077692885,-1.3200204172947247,-0.6647393560636414
0.4249169791284066,0.7819371604134308,0.9074559567343434,0.7343267535372742,-0.827701953797596,-2.6517855561896377
0.7974045084404932,0.42684353352591026,0.795287683863965,1.5727436928807041,-0.46042729524094356,-2.372269058602906
0.5228866229051579,0.5662360147603882,0.20511265555588848,0.6044894055679445,0.9883767325802159,-2.1184067759712133
0.7511175987261237,0.921215455783078,0.5534788260380836,1.0798280781554954,0.17909941338379098,-2.696614655864258
0.7915512068007621,0.33693566382564505,0.7495500210558681,1.4209237399203816,-0.4184110064106857,-2.066416251678336
0.6494480443929862,0.3300319709500553,0.13433641521954395,0.0035351466929173236,0.07070586181516905,-0.7818414718086225
0.4192200764152224,0.2058395498151711,0.576227893473741,0.24342993703893445,-1.4725989568467583,0.10495997849874716
0.7975970675941818,0.36491091723846675,0.20824871153989688,0.8921305023235604,-0.6801022736022996,-1.4814608307734047
0.07971999865842343,0.656397735978345,0.45989624046086686,-0.2406265359221521,0.2835981827137727,-1.2632227996972603
0.3289498965439924,0.6903645306928905,0.43093081415546536,0.11786779904982819,-0.15715951241177098,-1.4069748797902217
0.9165307347152606,0.6469946153978463,0.13541197700473961,1.255832384458057,0.7967123746657363,-1.9681333532063077
0.1283764299791674,0.7843603957361683,0.4527283384910864,-0.49719896851133005,-0.32507386632620583,-1.8086269491906901
0.14126411539721345,0.6680747561608295,0.6740375977272615,0.27382420343237773,-1.0190533338834442,-2.1299522649009646
0.675285366053018,0.6711308971966847,0.34021054821814695,0.5011186338953979,0.6105303249841612,-2.379719703738589
0.6426565745825893,0.4187859813292321,0.5546082139958997,1.4596584497420408,-0.1769138150293525,-2.209247655811078
0.34236279826774313,0.7690247655174519,0.4660491181708207,1.0173183018063552,-0.6206412719379726,-1.524405974553803
0.4766148699413549,0.7965672328299382,0.14032517101116124,0.6918762981965003,0.723334962179541,-2.6362721574168244
0.08154369166614277,0.25058731477696344,0.45468468952382024,0.9154502277364085,-0.04333123874437406,-0.7069325134033911
0.438540135459348,0.1392655545848969,0.43248817054402766,0.6974737289889836,-0.7841312265015224,-0.80716559223553
0.5513024445887009,0.1106510805497834,0.6928732021296687,1.4009138122188398,-0.2975105778953333,-0.8709860181701814
0.44604178825597357,0.2310331739556495,0.6974616513840675,0.4143423946169191,-1.7741783982256052,-1.249381622605005
0.24550624568273197,0.6677257011934518,0.7899427188750022,0.5616748372672778,-0.19432857853457552,-1.8018905122932662
0.9016893603843117,0.6587559609554507,0.30222301264882573,1.5378688444098947,0.654929031413197,-2.3516277837787967
0.5684739307307103,0.44464781905785833,0.12660867187202426,0.3681599264761387,0.444092192192127,-0.4906530732605765
0.2547018922204056,0.9090717512794372,0.14200105170603422,-1.1348768172861714,0.628956091617582,-2.225568174659082
0.435853661627155,0.4264343099655749,0.6892112321011203,1.056120460443846,-0.8155336368974984,-1.0471844177491452
0.09390310474893106,0.6377284833850235,0.9036890009855763,0.8162325067509142,-1.1954322513598257,-1.361693886703881
0.4299664152691953,0.6640549407768733,0.9121463438082007,1.1958913595815706,-0.47265537295809734,-1.7895291440111414
0.3106197731584505,0.748836441370637,0.8826301473850262,0.6431207818541335,-0.9797411437752035,-1.6053446005793615
0.9080874196128914,0.8589954611074369,0.9213600805027525,1.1741136667156509,1.1905737099313174,-3.112962923789715
0.22373786049917382,0.5355782134823024,0.898290280871483,1.181072949059298,-0.8913514444397923,-2.399368108241312
0.10073792889185693,0.34895332043245764,0.45460274245757537,-0.17528626186213947,-0.8549174838438032,-0.9145320633481915
0.5840684036130463,0.1337901321359674,0.09080899498648201,0.40677788415345284,-0.16879601665913063,-0.8040523788019929
0.5612493509201623,0.6915488528054438,0.24478864996312516,-0.3652057664738294,0.40422838177586357,-2.061798999283644
0.7496749433243238,0.08462608888019643,0.09882875498569335,1.7060212855148,-0.05402171475962583,-0.891690061514274
0.6937929335385119,0.31417109156457584,0.35093311528918325,0.7887525718099717,-0.3067634606380084,-1.2614533850947227
0.7570775068262355,0.30004025341463864,0.5348926335598789,1.1638178000480608,-0.6715553483167429,-1.586467665287415
0.6995819677698638,0.25056978960691484,0.43674072793349134,0.63877887108472,-0.4266392013264132,-1.112441655106069
0.5631832510783633,0.42955669642305,0.7544395348746765,0.9935218808087474,-0.6137558741851525,-2.0972327186743427
0.800616201131256,0.5885116162703029,0.3645390280098321,1.2006824045173634,0.4677092890505191,-1.678644469783834
0.4127085724099928,0.0833794701994451,0.8670576895721988,0.5565555256183979,-1.1424782647947498,-0.206657675928981
0.5515449546603923,0.7826596672321074,0.44293142959059445,0.5335198585381343,-0.31039437471517184,-1.6557799739556311
0.7773722084862746,0.8893800419706398,0.1904041707494719,1.4738621550415154,0.9097961557097518,-3.1363542252862024
0.8085591482826188,0.9049234832574529,0.6729464304201025,1.7808905330319436,1.4798972141577489,-1.869157004406858
0.8741528614509384,0.7614224473439664,0.09302254266469216,0.5282407865832143,1.649507524970701,-2.3171484820444936
0.8084550256403958,0.4117195492498993,0.23612052623187635,0.5079445119090469,-0.5266747452523736,-1.4306940343012897
0.6830701125253911,0.5782222297274209,0.4578644540351408,0.7864042978625728,-0.38312316107243494,-2.6659586785730376
0.5832048762861308,0.21907402899568215,0.08550343127583485,0.41076102953765503,-0.34099205933805044,-1.1725852991647379
0.7997538287736211,0.6570318593167412,0.434887612996728,1.175282690953219,0.44327442253801325,-2.332719231686058
0.348781130522528,0.9081424057086098,0.10819808416880856,-1.069145217179309,1.304848979428218,-1.8917357368564813
0.5848550591753264,0.19857449531859364,0.36000142564658244,0.7768310923217859,-1.43103808625484,-1.6797605058035112
0.47078391363675015,0.7791484829450498,0.6909178605989147,0.9222232976550025,-0.1791619423790154,-1.5807529523312183
0.7755180316429553,0.2182862157449625,0.08274379024756665,1.611738823130815,0.43699382443184365,-0.7779197836321953
0.4427984895790607,0.18974442584749782,0.12216921028832527,-0.2675405489456009,-1.1275961693100374,-0.9062495553639809
0.8924160773381898,0.574761299887166,0.5590481755399068,0.7795956332921405,0.280302383599346,-2.125568615958487
0.8699103006464572,0.7549514875544486,0.9130529014391945,2.121470303209364,-0.01320957346226076,-2.6770552176748774
0.675394927659116,0.5457339533173877,0.3610882590232821,1.104370103919254,0.5160754312847732,-1.9838042969382175
0.21974485224332385,0.21248768189469605,0.9050420399463144,0.4009534474895711,-0.9985738218218655,-0.823306420513291
0.41704358909526185,0.5618615333948482,0.46187091414468695,0.4536716256171708,-0.10471561251212969,-1.9971825125674103
0.5434424460335175,0.6825624687430583,0.43245499990639713,0.1382163256049198,0.2478835109920663,-2.514889527178428
0.3476566867799942,0.6878107051957628,0.19294644200341837,0.505501892966759,-0.11958520452954582,-2.4343785081718563
0.3297546068584044,0.31189683278091895,0.5350946146620972,1.018677410300083,-1.1171294779703116,-0.7878409446954016
0.22118684954336446,0.6489685153865556,0.6853584409806189,0.6461261530300719,-0.7810999447501159,-1.5758922813531182
0.24026208735073887,0.8724631344513187,0.6552065927876876,0.9307679425052628,-0.17394608143649906,-1.2987904886820363
0.35336133725486496,0.12294399052242323,0.4393870198020462,0.9707787194032718,-0.8719400660934061,-0.6540787185480834
0.07822397725304323,0.21014415853298965,0.6971508173586642,0.7600573760881493,-0.9392992794825852,-0.6354586207787509
